id,name,css_name,category,subcategory,style,popularity,status,description,weights,variable_font,variable_name,weight_range,latin_support,latin_source,arabic_support,farsi_digits,farsi_digits_variant,best_for,sources_google_fonts,sources_github,sources_cdn,sources_other,license,commercial_free,notes
vazirmatn,Vazirmatn,Vazirmatn,Sans-Serif,Modern UI,"Modern geometric, low contrast",5,active,"De-facto modern standard for Persian typography. Started 2015 as Vazir, renamed 2022. Default Persian font in Fedora.",100;200;300;400;500;600;700;800;900,true,Vazirmatn-VF,100-900,true,Roboto,true,true,,UI/body text;web apps;dashboards;general purpose;bilingual Persian+Latin,https://fonts.google.com/specimen/Vazirmatn,https://github.com/rastikerdar/vazirmatn,https://fonts.googleapis.com/css2?family=Vazirmatn:wght@100..900&display=swap,https://fontsource.org/fonts/vazirmatn,OFL,true,"All weights other than Thin, Regular, and Black are generated by interpolation. 9 weights + variable font."
vazir,Vazir (Legacy),Vazir,Sans-Serif,Modern UI,"Modern, based on DejaVu Sans",3,superseded,"Original Vazir font (2015-2022), superseded by Vazirmatn. Archived but still usable.",100;200;300;400;500;600;700;800;900,false,,,true,,true,,legacy projects,https://github.com/rastikerdar/vazir-font,,,,OFL,true,"Archived repository. Use Vazirmatn for new projects."
sahel,Sahel,Sahel,Sans-Serif,Modern UI,"Open, friendly, based on DejaVu Sans",4,active,"Friendly open-source UI alternative with Farsi-Digits variant (Sahel-FD) where Latin digits are replaced with Persian numerals.",400;700;900,true,Sahel-VF,100-900,true,DejaVu,true,true,Sahel-FD,UI;headings;Persian-digit dashboards,https://github.com/rastikerdar/sahel-font,https://www.jsdelivr.com/package/npm/sahel-font,https://cdn.jsdelivr.net/npm/sahel-font@latest/dist/,,OFL,true,"Includes Sahel-FD variant for Persian numerals. 3 static weights + variable font."
samim,Samim,Samim,Sans-Serif,Modern UI,"Modern, rounded humanist",2,archived,"Rounded humanist sans-serif, discontinued/archived August 2022.",400;700,false,,,true,,true,,legacy UI,https://github.com/rastikerdar/samim-font,,,,OFL,true,"Archived August 2022. Still usable under OFL. Use Vazirmatn or Sahel for new projects."
estedad,Estedad,Estedad,Sans-Serif,Modern UI,"Arabic-Latin sans, low contrast, screen-optimized",4,active,"Rising star for bilingual UI. Screen-optimized Arabic-Latin sans with full variable font support.",100;200;300;400;500;600;700;800;900,true,Estedad-VF,100-900,true,Custom,true,true,,web body text;bilingual UI;Arabic+Latin interfaces,https://fonts.google.com/specimen/Estedad,https://github.com/aminabedi68/Estedad,,,OFL,true,"Excellent for bilingual Arabic/Latin projects. 9 weights + variable font."
shabnam,Shabnam,Shabnam,Sans-Serif,Modern UI,"Clean humanist",2,archived,"Clean humanist sans-serif, discontinued/archived August 2022.",400;700,false,,,true,,true,,legacy UI;body text,https://github.com/rastikerdar/shabnam-font,https://app.unpkg.com/shabnam-font@5.0.0/files/dist,,OFL,true,"Archived August 2022. Still usable under OFL."
tanha,Tanha,Tanha,Sans-Serif,Display,"Single-weight display sans, based on Samim/Vazir",2,archived,"Single-weight display font based on Samim/Vazir, archived August 2022.",400,false,,,true,,true,,headlines;short UI text,https://github.com/rastikerdar/tanha-font,,,,OFL,true,"Archived August 2022. Only 1 weight (Regular)."
gandom,Gandom,Gandom,Serif,Naskh,"Based on Noto Serif",2,archived,"Serif font based on Noto Serif, archived August 2022.",400;700,false,,,true,,true,,reading;books,https://github.com/rastikerdar/gandom-font,https://www.jsdelivr.com/package/npm/gandom-font,,OFL,true,"Archived August 2022. Still usable under OFL."
parastoo,Parastoo,Parastoo,Sans-Serif,Modern UI,"Refined modern Persian",4,active,"Refined modern Persian sans-serif, good for print and digital body text.",400;700,false,,,true,,true,,print & digital body;books,https://fonts.google.com/specimen/Parastoo,https://github.com/rastikerdar/parastoo-font,,,OFL,true,"Available on Google Fonts. 2 weights (Regular, Bold)."
lalezar,Lalezar,Lalezar,Display,Decorative,"Bold decorative, vintage Persian poster style",4,active,"Bold decorative display typeface with vintage Persian poster aesthetic. Designed by Borna Izadpanah.",400,false,,,true,,true,,headlines;posters;branding;cultural event graphics,https://fonts.google.com/specimen/Lalezar,https://fonts.adobe.com/fonts/lalezar,,,OFL,true,"Inherently bold weight. Great for display/headlines."
noto_naskh_arabic,Noto Naskh Arabic,Noto Naskh Arabic,Serif,Naskh,"Traditional Naskh, screen-optimized",4,active,"Traditional Naskh style, screen-optimized. Default on Android/ChromeOS for Arabic script.",400;500;600;700,false,,,true,,true,,body text;long reading;apps;long-form content,https://fonts.google.com/noto/specimen/Noto+Naskh+Arabic,,,,OFL,true,"4 weights (Regular, Medium, SemiBold, Bold). Part of Google Noto family."
noto_sans_arabic,Noto Sans Arabic,Noto Sans Arabic,Sans-Serif,Modern UI,"Unmodulated, neutral UI sans",4,active,"Neutral UI sans for multilingual interfaces. 1,642 glyphs. Part of Google Noto family.",100;200;300;400;500;600;700;800;900,true,Noto Sans Arabic VF,100-900,true,Noto Sans,true,true,,UI;multilingual interfaces;bilingual Arabic+Latin,https://fonts.google.com/noto/specimen/Noto+Sans+Arabic,https://fontsource.org/fonts/noto-sans-arabic,,,OFL,true,"9 weights + variable font. Excellent for multilingual projects."
noto_kufi_arabic,Noto Kufi Arabic,Noto Kufi Arabic,Display,Kufi,"Geometric Kufi, modern",3,active,"Geometric Kufic style, modern and clean. Good for headings and signage.",100;200;300;400;500;600;700;800;900,true,Noto Kufi Arabic VF,100-900,true,Noto Sans,true,true,,headings;signage;titles,https://fonts.google.com/noto/specimen/Noto+Kufi+Arabic,https://fontsource.org/fonts/noto-kufi-arabic,,,OFL,true,"9 weights + variable font. Kufic display style."
amiri,Amiri,Amiri,Serif,Naskh,"Classical Naskh revival, calligraphic",4,active,"Revival of early 20th-century metal type. Closest free font to traditional manuscript Naskh. Widely used for Quranic text.",400;700,false,,,true,,true,,books;Quranic text;literary typesetting;academic publications,https://fonts.google.com/specimen/Amiri,https://fonts.google.com/specimen/Amiri+Quran,,,OFL,true,"4 files (Regular, Bold + matching Italics). Amiri Quran variant available for Quranic text."
markazi_text,Markazi Text,Markazi Text,Serif,Naskh,"Open, clear Naskh with compact stance",3,active,"Open, clear Naskh with compact stance. Good for body text in books and magazines.",400;500;600;700,false,,,true,,true,,body text;books;magazines,https://fonts.google.com/specimen/Markazi+Text,https://www.fontsquirrel.com/fonts/markazi-text,,,OFL,true,"4 weights (Regular, Medium, SemiBold, Bold)."
gulzar,Gulzar,Gulzar,Serif,Nasta'liq,"Contemporary typographic Nasta'liq + Latin",3,active,"Contemporary Nasta'liq with Latin support. Designed for Urdu/Persian literary reading.",400,false,,,true,,true,,Nasta'liq reading;literature;poetry,https://fonts.google.com/specimen/Gulzar,https://github.com/googlefonts/Gulzar,,,OFL,true,"Single weight (Regular). Nasta'liq calligraphic style."
baloo_bhaijaan_2,Baloo Bhaijaan 2,Baloo Bhaijaan 2,Display,Rounded,"Rounded, playful, friendly",3,active,"Rounded, playful display font. Variable font with multiple weights.",400;500;600;700;800,true,Baloo Bhaijaan 2 VF,400-800,true,Baloo 2,true,true,,children's content;casual UI;marketing,https://fonts.google.com/specimen/Baloo+Bhaijaan+2,,,,OFL,true,"Variable font (400-800). Friendly rounded style."
iransans,IRANSans,IRANSans,Sans-Serif,Modern UI,"Modern Persian humanist sans",5,active,"Commercial standard in Iran. Most widely deployed commercial Persian sans. Used across corporate websites, government portals, publishing.",300;400;500;700;900,false,,,true,,true,,corporate UI;e-commerce;long-form Persian body text;government portals,https://fontiran.com,https://github.com/akiarostami/iransans,,Commercial,false,"Paid commercial license required. npm wrapper only provides CSS plumbing, not font files. Variants: IRANSansX, IRANSansFN, etc."
irannastaliq,IranNastaliq,IranNastaliq,Serif,Nasta'liq,"Cascading calligraphic Nasta'liq",3,active,"Cascading calligraphic Nasta'liq. Originally sponsored by Iran's Supreme Council of ICT. Freely distributed.",400,false,,false,,true,,poetry;decorative headlines;literary,https://github.com/farsi-fonts/fonts-irannastaliq,https://store.kde.org/p/2304537,,Free,true,"No Latin support. Pure Nasta'liq for Persian/Urdu calligraphy."
tahrir,Tahrir,Tahrir,Serif,Naskh,"Iranian-Arabic Naskh hybrid, optimized gray texture",3,active,"Iranian-Arabic Naskh hybrid optimized for newspaper/text gray texture. v4.3 has 6 weights.",300;400;500;600;700;800,false,,,true,,true,,newspapers;body text;print,,https://noonfont.com/fonts/tahrir,Commercial,false,"6 weights (v4.3). Commercial license from NoonFont."
nazanin,Nazanin (B Nazanin),Nazanin,Serif,Legacy Classic,"Traditional Persian display lettering",3,legacy,"Traditional Persian display serif. Legacy font from Borna Rayaneh. Culturally embedded in Iranian print/gov docs.",300;700,false,,,true,,true,,documents;books;newspapers;legacy documents,https://www.myfonts.com/collections/nazanin-lt-font-linotype,https://github.com/rahatool/persian-fonts,,Personal,false,"Traditionally free for personal use. Verify commercial licensing per source."
lotus,Lotus (B Lotus),Lotus,Display,Legacy Classic,"Compact calligraphic, ornamental",2,legacy,"Compact calligraphic ornamental display font from Borna Rayaneh.",400;700,false,,,true,,true,,titles;decorative,https://arabicfonts.net/fonts/b-lotus-regular,https://github.com/rahatool/persian-fonts,,Personal,false,"Traditionally free for personal use. Verify commercial licensing."
titr,Titr (B Titr),Titr,Display,Legacy Classic,"Heavy bold headline",3,legacy,"Heavy bold headline font from Borna Rayaneh. Classic Persian display.",700,false,,,true,,true,,headlines;titles;posters,https://fontlibrary.org/en/font/titr,https://github.com/rahatool/persian-fonts,,Personal,false,"Single weight (Bold). Traditionally free for personal use."
yekan,Yekan (B Yekan),Yekan,Sans-Serif,Legacy Classic,"Calm modern sans, rounded movement",3,legacy,"Calm modern sans with rounded movement. Legacy Borna Rayaneh font.",400;700,false,,,true,,true,,UI labels;packaging;wayfinding,https://www.cdnfonts.com/iranian-sans.font,https://www.fontsaddict.com/font/b-yekan.html,,Personal,false,"Traditionally free for personal use. Verify commercial licensing."
iranian_sans,Iranian Sans,Iranian Sans,Sans-Serif,Modern UI,"Open-source Persian sans",2,active,"Open-source Persian sans-serif font. Available on Font Library.",400;800,false,,,true,,true,,open-source web/desktop,https://fontlibrary.org/en/font/iranian-sans,https://github.com/font-store/font-Iranian,,OFL,true,"2 weights (Regular 400, ExtraBold 800)."