framework,name,description,install_command,config_example,font_import_method
nextjs,Next.js 14+ App Router,"React framework with built-in font optimization via next/font","npm install @fontsource/vazirmatn @fontsource/lalezar @fontsource/amiri",'import { Vazirmatn, Lalezar, Amiri } from "next/font/google";\nconst vazirmatn = Vazirmatn({ subsets: ["latin", "arabic"], variable: "--font-persian", display: "swap" });',next/font/google (recommended) or @fontsource
tailwind,Tailwind CSS,"Utility-first CSS framework with font-family configuration","npm install -D tailwindcss",'fontFamily: {\n  persian: ["var(--font-persian)", "Vazirmatn", "system-ui", "sans-serif"],\n  "persian-heading": ["Lalezar", "sans-serif"],\n}',CSS @import or @font-face in global.css
vite,Vite + React/Vue,"Fast build tool with HMR. Supports CSS @import and @font-face","npm install @fontsource/vazirmatn @fontsource/lalezar @fontsource/amiri",'@import "@fontsource/vazirmatn/variable.css";\n@import "@fontsource/lalezar/400.css";\n@import "@fontsource/amiri/400.css";',@fontsource npm packages
fontsource,Fontsource,"Self-hosted Google Fonts as npm packages for any bundler","npm install @fontsource/vazirmatn @fontsource/sahel @fontsource/estedad",'import "@fontsource/vazirmatn/variable.css";\nimport "@fontsource/sahel/variable.css";\nimport "@fontsource/estedad/variable.css";',NPM packages (recommended for self-hosting)
html-css,Plain HTML/CSS,"Vanilla HTML with Google Fonts CDN or self-hosted WOFF2","N/A",'<link rel="preconnect" href="https://fonts.googleapis.com">\n<link rel="preconnect" href="https://fonts.gstatic.com" crossorigin>\n<link href="https://fonts.googleapis.com/css2?family=Vazirmatn:wght@100..900&family=Lalezar&display=swap" rel="stylesheet">',Google Fonts CDN (easiest) or self-hosted @font-face
react-native,React Native / Expo,"Cross-platform mobile framework with expo-font","expo install expo-font @expo-google-fonts/vazirmatn @expo-google-fonts/lalezar @expo-google-fonts/amiri",'import { Vazirmatn_400Regular, Vazirmatn_700Bold } from "@expo-google-fonts/vazirmatn";\nimport { Lalezar_400Regular } from "@expo-google-fonts/lalezar";\nimport { Amiri_400Regular, Amiri_700Bold } from "@expo-google-fonts/amiri";',expo-font + @expo-google-fonts packages
flutter,Flutter,"Google's UI toolkit for natively compiled applications","Add fonts to pubspec.yaml under flutter: fonts:","flutter:\n  fonts:\n    - family: Vazirmatn\n      fonts:\n        - asset: fonts/Vazirmatn-VariableFont_wght.ttf\n    - family: Lalezar\n      fonts:\n        - asset: fonts/Lalezar-Regular.ttf\n    - family: Amiri\n      fonts:\n        - asset: fonts/Amiri-Regular.ttf\n        - asset: fonts/Amiri-Bold.ttf\n          weight: 700\n        - asset: fonts/Amiri-Italic.ttf\n          style: italic\n        - asset: fonts/Amiri-BoldItalic.ttf\n          weight: 700\n          style: italic",TTF files in assets/fonts (variable fonts supported)
cdn,jsDelivr / unpkg CDN,"CDN delivery for self-hosted fonts via GitHub/npm","N/A",'@font-face {\n  font-family: "Sahel";\n  src: url("https://cdn.jsdelivr.net/npm/sahel-font@latest/dist/Sahel-VF.woff2") format("woff2-variations");\n  font-weight: 100 900;\n  font-display: swap;\n}',jsDelivr CDN for npm packages or unpkg
nextjs-pages,Next.js Pages Router,"Legacy Next.js with _document.js for font loading","npm install @fontsource/vazirmatn",'// pages/_document.js\nimport Document, { Html, Head, Main, NextScript } from "next/document";\nexport default class MyDocument extends Document {\n  render() {\n    return (\n      <Html lang="fa" dir="rtl">\n        <Head>\n          <link rel="preconnect" href="https://fonts.googleapis.com" />\n          <link rel="preconnect" href="https://fonts.gstatic.com" crossOrigin="anonymous" />\n          <link href="https://fonts.googleapis.com/css2?family=Vazirmatn:wght@100..900&display=swap" rel="stylesheet" />\n        </Head>\n        <body><Main /><NextScript /></body>\n      </Html>\n    );\n  }\n}',next/font not available, use _document.js + Google Fonts or @fontsource
astro,Astro,"Modern static site builder with island architecture","npm install @fontsource/vazirmatn @fontsource/lalezar",'// astro.config.mjs\nimport { defineConfig } from "astro/config";\nexport default defineConfig({ vite: { optimizeDeps: { include: ["@fontsource/vazirmatn"] } } });\n\n// src/layouts/Layout.astro\n---\nimport "@fontsource/vazirmatn/variable.css";\n---\n<html lang="fa" dir="rtl"><slot /></html>',@fontsource packages + Vite integration
svelte,Svelte / SvelteKit,"Compiler-based framework with built-in styling","npm install @fontsource/vazirmatn",'// src/app.css or global.css\n@import "@fontsource/vazirmatn/variable.css";\n@import "@fontsource/lalezar/400.css";\n\n// +layout.svelte\n<html lang="fa" dir="rtl"><slot /></html>',@fontsource in global styles
nuxt,Nuxt 3,"Vue-based full-stack framework","npm install @fontsource/vazirmatn @fontsource/lalezar",'// nuxt.config.ts\nexport default defineNuxtConfig({\n  css: ["@fontsource/vazirmatn/variable.css", "@fontsource/lalezar/400.css"],\n  app: { head: { htmlAttrs: { lang: "fa", dir: "rtl" } } }\n})',@fontsource in nuxt.config.css
remix,Remix,"Full-stack React framework with nested routes","npm install @fontsource/vazirmatn",'// app/root.tsx\nimport { Links } from "@remix-run/react";\nimport "@fontsource/vazirmatn/variable.css";\nexport const links: LinksFunction = () => [\n  { rel: "preconnect", href: "https://fonts.googleapis.com" },\n  { rel: "preconnect", href: "https://fonts.gstatic.com", crossOrigin: "anonymous" },\n  { rel: "stylesheet", href: "https://fonts.googleapis.com/css2?family=Vazirmatn:wght@100..900&display=swap" },\n];',@fontsource or Google Fonts in links export
gatsby,Gatsby,"Static site generator with GraphQL","npm install gatsby-plugin-google-fonts @fontsource/vazirmatn",'// gatsby-config.js\nmodule.exports = {\n  plugins: [{\n    resolve: "gatsby-plugin-google-fonts",\n    options: { fonts: ["Vazirmatn:100..900", "Lalezar:400"] }\n  }]\n}',gatsby-plugin-google-fonts or @fontsource
webpack,Webpack 5+,"Module bundler with CSS/asset handling","npm install @fontsource/vazirmatn css-loader style-loader",'// webpack.config.js\nmodule.exports = {\n  module: { rules: [{ test: /\\.woff2?$/, type: "asset/resource" }] }\n};\n\n// src/index.js\nimport "@fontsource/vazirmatn/variable.css";',@fontsource or file-loader for self-hosted WOFF2